206,0.5933053493499756,6.090001106262207,-0.00036669563269242644,0.14737674593925476
207,0.6083838939666748,5.432301998138428,-0.00565903028473258,0.1562321037054062
208,0.6237003207206726,4.114704608917236,0.0015720053343102336,0.16315032541751862
209,0.6308552026748657,3.9547059535980225,-0.008420147001743317,0.17946581542491913
210,0.6389926671981812,3.9951846599578857,-0.011265608482062817,0.17806920409202576
211,0.6382632255554199,3.9470736980438232,-0.005514948163181543,0.16367769241333008
212,0.6392042636871338,3.966423988342285,-0.004190628882497549,0.16428960859775543
213,0.635775625705719,3.996405839920044,-0.018739541992545128,0.1699276566505432
214,0.6334394812583923,3.930966854095459,-0.006386718712747097,0.14575563371181488
215,0.6381125450134277,4.00516939163208,-0.017032353207468987,0.16081978380680084
216,0.6361167430877686,4.263771057128906,-0.021480925381183624,0.15667790174484253
217,0.6377853751182556,8.183485984802246,-0.01626250334084034,0.13595137000083923
218,0.6787719130516052,8.089082717895508,-0.014513800852000713,0.16138511896133423
219,0.6999995708465576,6.230167388916016,-0.011419755406677723,0.16844554245471954
220,0.7228580713272095,7.569422721862793,-0.013025399297475815,0.17803356051445007
221,0.7308847308158875,7.981129169464111,-0.003212390933185816,0.17008650302886963
222,0.7362304925918579,6.936812400817871,-0.01386144571006298,0.18311533331871033
223,0.7373341917991638,7.5626220703125,-0.006655901670455933,0.17052531242370605
224,0.730973482131958,8.060334205627441,0.002025257097557187,0.14959050714969635
225,0.7276022434234619,7.400728225708008,-0.015228400006890297,0.15517185628414154
226,0.7216850519180298,7.3454976081848145,-0.01193054486066103,0.142155259847641
227,0.7183815240859985,8.212854385375977,0.0056541115045547485,0.11535893380641937
228,0.7170292735099792,7.478482246398926,-0.010733546689152718,0.1253259927034378
229,0.7027540802955627,5.287640571594238,-0.004911220632493496,0.10891790688037872
230,0.6945706009864807,5.057974338531494,0.0032328946981579065,0.0988827720284462
231,0.7053592205047607,5.0681681632995605,0.02574239671230316,0.09282130002975464
232,0.7075237035751343,5.020986080169678,0.012075195088982582,0.11513087898492813
233,0.7012501358985901,5.011981964111328,0.011429356411099434,0.11469446867704391
234,0.7054874897003174,5.005220413208008,0.0158937219530344,0.11419940739870071
235,0.7090533971786499,5.0212907791137695,0.01228494942188263,0.12268514186143875
236,0.7036980986595154,5.03095006942749,0.017753878608345985,0.11453220993280411
237,0.7098919153213501,5.011413097381592,0.018460776656866074,0.12058107554912567
238,0.7133320569992065,4.979317665100098,0.018613547086715698,0.12302151322364807
239,0.7067261338233948,4.997763633728027,0.013774874620139599,0.12069901823997498
240,0.7065715193748474,4.973327159881592,0.01667695865035057,0.11782047897577286
241,0.7065008282661438,4.9515557289123535,0.011178957298398018,0.12103664129972458
242,0.7098413109779358,4.9529547691345215,-0.0009629193227738142,0.1338927298784256
243,0.7064619660377502,4.862431049346924,0.002359466627240181,0.1249971017241478
244,0.7015162110328674,4.820608615875244,-0.0047820922918617725,0.12647131085395813
245,0.707125186920166,4.87838888168335,-0.0011241808533668518,0.12823453545570374
246,0.7048604488372803,4.829959392547607,0.010192587040364742,0.11366893351078033
247,0.7031824588775635,4.743910312652588,0.005366812460124493,0.1188032329082489
248,0.7071510553359985,4.808406829833984,0.0033094428945332766,0.12421207129955292
249,0.7016670107841492,4.793481826782227,-0.004618871491402388,0.125579372048378
250,0.6978667974472046,4.733732223510742,-0.003679058514535427,0.11970427632331848
251,0.707603931427002,4.78606653213501,-0.0022487416863441467,0.1311035007238388
252,0.7041166424751282,4.792965888977051,-0.010874134488403797,0.13518396019935608
253,0.6981431841850281,4.673194408416748,0.002569002564996481,0.11481966078281403
254,0.70900559425354,4.645500183105469,0.010528991930186749,0.1213855966925621
255,0.703972339630127,4.82676362991333,0.0017655885312706232,0.12847356498241425
256,0.7021432518959045,4.781308174133301,-0.0007471540593542159,0.1272667944431305
257,0.70522141456604,4.642648220062256,0.006728431675583124,0.11841411143541336
258,0.7092047333717346,4.715078353881836,0.00467751594260335,0.12778697907924652
259,0.7000912427902222,4.775261878967285,0.009152003563940525,0.11548522114753723
260,0.7033336162567139,4.6583662033081055,0.00047614003415219486,0.11834120750427246
261,0.7101683616638184,4.623048305511475,-0.006339033599942923,0.13370677828788757
262,0.6977255344390869,4.729615688323975,0.0076015787199139595,0.1117253303527832
263,0.7039822936058044,4.732436180114746,0.00850712787359953,0.11262046545743942
264,0.7115862965583801,4.670292854309082,-8.55988128023455e-06,0.13141030073165894
265,0.703758716583252,4.8166303634643555,0.01496883574873209,0.11536197364330292
266,0.7046513557434082,4.869967937469482,0.005810810253024101,0.12215519696474075
267,0.7101567983627319,4.701500415802002,0.017920762300491333,0.11522004753351212
268,0.710578978061676,4.776374816894531,0.018815137445926666,0.1193755492568016
269,0.7024945616722107,4.844788551330566,0.010210570879280567,0.1201941967010498
270,0.7097535133361816,4.73924446105957,0.011592835187911987,0.12734508514404297
271,0.7139530777931213,4.786888599395752,0.013703825883567333,0.1298743188381195
272,0.7033246755599976,4.83146858215332,0.015504964627325535,0.11855187267065048
273,0.7063805460929871,4.849332809448242,0.01601259782910347,0.12633053958415985
274,0.7154179215431213,4.896495819091797,0.011059587821364403,0.14166827499866486
275,0.7054219841957092,4.875392913818359,0.015877380967140198,0.12581299245357513
276,0.7048367857933044,4.788602828979492,0.027446893975138664,0.11593039333820343
277,0.7122448682785034,4.8666672706604,0.01297046709805727,0.13547839224338531
278,0.7057661414146423,4.834961414337158,0.003919247072190046,0.1309451460838318
279,0.7032593488693237,4.7967095375061035,0.01014773454517126,0.12395385652780533
280,0.7092005014419556,4.789126396179199,0.010013610124588013,0.12825097143650055
281,0.7060489654541016,4.798247814178467,0.012268219143152237,0.1211225837469101
282,0.7057828307151794,4.78729248046875,0.016739364713430405,0.12105263024568558
283,0.705260157585144,4.731727600097656,0.015516147948801517,0.11784795671701431
284,0.7018368244171143,4.715074062347412,0.003975871950387955,0.12156673520803452
285,0.7045530676841736,4.697688102722168,0.011583685874938965,0.11747325211763382
286,0.7054579854011536,4.631921291351318,0.01515126507729292,0.11326083540916443
287,0.7068748474121094,4.650277614593506,0.00217819819226861,0.12473554909229279
288,0.7055960297584534,4.689723014831543,0.006968009751290083,0.11914656311273575
289,0.7093003988265991,4.647976398468018,0.009890669025480747,0.11929252743721008
290,0.7106371521949768,4.655913352966309,-0.0037207151763141155,0.13372169435024261
291,0.703830361366272,4.688632965087891,0.0007646867306903005,0.12279120832681656
292,0.7095964550971985,4.6262054443359375,0.011605078354477882,0.1200796440243721
293,0.7120835781097412,4.789565086364746,0.006318694446235895,0.12635231018066406
294,0.70855712890625,4.798088550567627,-0.009114212356507778,0.13468411564826965
295,0.7053266167640686,4.723508358001709,-0.002421878045424819,0.12647715210914612
296,0.712303876876831,4.845793724060059,0.010478327050805092,0.12162727117538452
297,0.7094378471374512,4.8302788734436035,0.007084575016051531,0.12077775597572327
298,0.7062687873840332,4.801177024841309,0.010466000065207481,0.11826230585575104
299,0.7127416729927063,4.90072774887085,0.010973080061376095,0.12167633324861526
300,0.7098132371902466,4.843651294708252,0.00020851883164141327,0.12402913719415665
301,0.7083290219306946,4.804522514343262,0.014931921847164631,0.11064918339252472
302,0.7080036997795105,4.8785834312438965,0.018656326457858086,0.10631833225488663
303,0.7117623686790466,4.893385410308838,-0.0002981597208417952,0.1257779449224472
304,0.7095205783843994,4.889263153076172,0.013541582971811295,0.11061935126781464
305,0.7064822912216187,4.840452671051025,0.021848957985639572,0.10087751597166061
306,0.7130764126777649,4.868479251861572,0.00754364300519228,0.11689207702875137
307,0.7087121605873108,4.898905277252197,0.010669098235666752,0.1088368147611618
308,0.7045037746429443,4.78372859954834,0.012695994228124619,0.10566557943820953
309,0.7163262367248535,4.810885906219482,0.001528637483716011,0.12493348121643066
310,0.7090078592300415,4.858153343200684,0.004316881764680147,0.1126703992486
311,0.7041803002357483,4.745609283447266,0.015150041319429874,0.09908272325992584
312,0.7101219296455383,4.8655314445495605,0.0008209318039007485,0.1212267130613327
313,0.703176736831665,4.849544525146484,0.008072303608059883,0.10470693558454514
314,0.7085781097412109,4.757174968719482,0.010655478574335575,0.10657036304473877
315,0.7062186598777771,4.927437782287598,-0.015259470790624619,0.13336461782455444
316,0.7036203145980835,4.934537410736084,-0.0006964619969949126,0.11424116790294647
317,0.7049614787101746,4.8232855796813965,0.0042697712779045105,0.10885260999202728
318,0.7020591497421265,4.838332176208496,-0.013204890303313732,0.12690676748752594
319,0.7061517238616943,4.910444736480713,0.0021740004885941744,0.1132727637887001
320,0.7094140648841858,4.953477382659912,0.012660187669098377,0.10731091350317001
321,0.7049934267997742,5.0342020988464355,-0.0004190662002656609,0.12255040556192398
322,0.6987885236740112,5.261460781097412,0.004282717127352953,0.1097043827176094
323,0.7004789710044861,5.916337013244629,0.006664440501481295,0.10920139402151108
324,0.7042577862739563,6.143874168395996,0.003895748406648636,0.12455248087644577
325,0.7175451517105103,6.112478733062744,-0.0009158834000118077,0.14133307337760925
326,0.716457188129425,6.389382839202881,-0.011076301336288452,0.15159758925437927
327,0.7159034609794617,6.709683895111084,0.003642688738182187,0.14720384776592255
328,0.7275723814964294,6.902703285217285,0.008436799980700016,0.15363666415214539
329,0.7101092338562012,7.4328813552856445,0.0009166792151518166,0.1448843628168106
330,0.695170521736145,8.019792556762695,0.0036977340932935476,0.1366809904575348
331,0.6954184770584106,8.18906021118164,-0.0005494240904226899,0.14313215017318726
332,0.6756147146224976,8.505035400390625,-0.010811085812747478,0.13316480815410614
333,0.6558540463447571,8.512117385864258,0.004736507777124643,0.10427216440439224
334,0.6492562890052795,6.78399133682251,-0.002344641601666808,0.1050557792186737
335,0.6363726854324341,4.1433634757995605,-0.01629864051938057,0.10062438994646072
336,0.6351234912872314,3.881194591522217,-0.009266501292586327,0.09419021755456924
371,0.6283503174781799,3.5824947357177734,-0.027733130380511284,0.08358805626630783
372,0.6275377869606018,3.7418212890625,-0.022506695240736008,0.07602743804454803
373,0.6306073665618896,3.592353582382202,-0.022954711690545082,0.07183410972356796
374,0.6253991723060608,3.7613723278045654,-0.034421373158693314,0.07221321016550064
375,0.6239852905273438,3.9003074169158936,-0.03709596395492554,0.07077223807573318
376,0.6278442144393921,3.8176119327545166,-0.034355539828538895,0.06760521233081818
377,0.6243503093719482,3.83476185798645,-0.047536879777908325,0.07043693959712982
378,0.6228867769241333,3.9658265113830566,-0.05344918742775917,0.07218624651432037
379,0.6620662212371826,3.734661102294922,-0.03468224033713341,0.08713427931070328
380,0.6787804961204529,3.9248297214508057,-0.044237587600946426,0.1159881204366684
381,0.6897972822189331,4.293453216552734,-0.03549071028828621,0.12358325719833374
382,0.7150917053222656,8.097294807434082,-0.03269089758396149,0.14712654054164886
383,0.725902795791626,8.607009887695312,-0.035146258771419525,0.165678933262825
384,0.7329477071762085,5.983877182006836,-0.033203620463609695,0.16499488055706024
385,0.748405396938324,7.053048610687256,-0.03247840330004692,0.1814693957567215
386,0.7610539793968201,7.402811527252197,-0.027498500421643257,0.19625720381736755
387,0.7702003717422485,7.367588043212891,-0.019982296973466873,0.19252406060695648
388,0.7586269378662109,7.571129322052002,-0.027359992265701294,0.18964606523513794
389,0.7571298480033875,8.233478546142578,-0.0300704725086689,0.19791150093078613
390,0.7518566846847534,8.001288414001465,-0.016470124945044518,0.17990854382514954
391,0.7285749912261963,7.871534824371338,-0.02880934253334999,0.17469662427902222
392,0.7224711775779724,8.078397750854492,-0.022685887292027473,0.16605612635612488
393,0.7302507162094116,8.29438591003418,-0.026467958465218544,0.1641549915075302
394,0.7189672589302063,7.418405055999756,-0.017303379252552986,0.15306775271892548
395,0.721588134765625,7.128674507141113,-0.02911287732422352,0.17352625727653503
396,0.7248523831367493,7.414297580718994,-0.02487357147037983,0.1659994274377823
397,0.7035512328147888,6.785250663757324,-0.01971903257071972,0.14055508375167847
398,0.7033343315124512,5.153059005737305,-0.034103620797395706,0.15555638074874878
399,0.712708592414856,5.010753154754639,-0.011820939369499683,0.14043179154396057
400,0.7061664462089539,5.059012413024902,-0.008763792924582958,0.1321854591369629
401,0.700218141078949,4.718511581420898,-0.02836778201162815,0.14604997634887695
402,0.7094285488128662,4.684326171875,-0.02608676627278328,0.14785584807395935
403,0.710936427116394,4.970531463623047,-0.011369485408067703,0.13222713768482208
404,0.7029013633728027,4.683332443237305,-0.025049669668078423,0.13822753727436066
405,0.714133620262146,4.295131206512451,-0.015116631053388119,0.13830052316188812
406,0.7050486207008362,4.387563705444336,-0.020487694069743156,0.13836616277694702
407,0.6933239698410034,4.399447917938232,-0.026443762704730034,0.1322232484817505
408,0.6930010914802551,4.414492130279541,-0.02104269526898861,0.1271403282880783
409,0.6928617358207703,4.5604448318481445,-0.020013099536299706,0.13276652991771698
410,0.6451500058174133,4.552484512329102,-0.03407685086131096,0.09713854640722275
411,0.6318016648292542,4.348706245422363,-0.04154655337333679,0.0917927697300911
412,0.6293037533760071,4.471039295196533,-0.036595869809389114,0.08943542838096619
413,0.6290922164916992,4.551427364349365,-0.04549463465809822,0.0947219729423523
414,0.6292042136192322,4.622374534606934,-0.049699388444423676,0.09466736018657684
415,0.6336480379104614,5.03298282623291,-0.05000762268900871,0.09717436879873276
416,0.6472176909446716,5.997398376464844,-0.03233978524804115,0.09896422177553177
417,0.6504881381988525,5.830663681030273,-0.048480235040187836,0.10931035131216049
418,0.6629810929298401,5.773964881896973,-0.05165455490350723,0.11545855551958084
419,0.6694905161857605,5.947822570800781,-0.0423225574195385,0.11687545478343964
420,0.6672382950782776,6.085189342498779,-0.05340679734945297,0.11652521044015884
421,0.6666557192802429,6.050928115844727,-0.061909034848213196,0.11385365575551987
422,0.6733234524726868,6.073136806488037,-0.04634464532136917,0.11091454327106476
423,0.6674551367759705,6.117671966552734,-0.04857639595866203,0.10097504407167435
424,0.6729713678359985,6.080517768859863,-0.059345800429582596,0.09740843623876572
425,0.6781578660011292,6.124785423278809,-0.05300004407763481,0.10203846544027328
426,0.6811872720718384,6.061162948608398,-0.04254722595214844,0.0955996885895729
427,0.6832749247550964,4.90601921081543,-0.04356331378221512,0.09151904284954071
428,0.677427351474762,3.9859907627105713,-0.04457269236445427,0.0900556817650795
429,0.6754046082496643,3.977996349334717,-0.034793250262737274,0.08673697710037231
430,0.6733386516571045,3.9565811157226562,-0.03419216349720955,0.08452220261096954
431,0.6713095307350159,3.803253412246704,-0.02798890881240368,0.07842641323804855
432,0.6673294305801392,3.7553927898406982,-0.023961005732417107,0.08068354427814484
433,0.6684455275535583,3.704571008682251,-0.028232760727405548,0.08663733303546906
434,0.6732550859451294,3.6690497398376465,-0.016298932954669,0.08157987147569656
435,0.6684796214103699,3.5816359519958496,-0.009548480622470379,0.08036766201257706
436,0.6717010736465454,3.502114772796631,-0.013386903330683708,0.0912901982665062
437,0.6726637482643127,3.4083454608917236,-0.0036284502130001783,0.08827206492424011
438,0.6680980920791626,3.347003936767578,-0.0012930926168337464,0.0886874571442604
602,0.6074273586273193,3.7754013538360596,-0.030746495351195335,0.12761704623699188
603,0.6086390614509583,3.7245962619781494,-0.01835009641945362,0.11942201852798462
604,0.6045072078704834,3.805980920791626,-0.02456529065966606,0.12293874472379684
605,0.6051597595214844,3.7635385990142822,-0.0339069627225399,0.13046425580978394
606,0.60672926902771,3.7049241065979004,-0.029298892244696617,0.12421264499425888
607,0.6048592925071716,3.807152509689331,-0.03231365606188774,0.12320327013731003
608,0.6046572327613831,3.7669880390167236,-0.029523881152272224,0.11989762634038925
609,0.606746256351471,3.7580225467681885,-0.032395437359809875,0.12453459948301315
610,0.6105936169624329,3.875535249710083,-0.03527246415615082,0.13049164414405823
611,0.6388359069824219,3.842325448989868,-0.037015650421381,0.15121610462665558
612,0.6509904265403748,4.429202079772949,-0.03189953416585922,0.1677694469690323
613,0.6678706407546997,4.273266792297363,-0.01880638487637043,0.17699642479419708
614,0.6761905550956726,4.054248809814453,-0.03316677734255791,0.19106332957744598
615,0.6866202354431152,4.3246588706970215,-0.03498535230755806,0.21649059653282166
616,0.6930669546127319,4.525888442993164,-0.02034006454050541,0.22541478276252747
617,0.6807567477226257,4.6375412940979,-0.027277329936623573,0.211960107088089
618,0.6659952402114868,4.864216327667236,-0.029629981145262718,0.2074151188135147
619,0.6615728735923767,5.251603603363037,-0.028814146295189857,0.22123326361179352
620,0.649869441986084,5.641185760498047,-0.02931375242769718,0.2085530161857605
621,0.6263518929481506,6.138228893280029,-0.027671867981553078,0.18450559675693512
622,0.6155615448951721,5.870840549468994,-0.02952919714152813,0.19508428871631622
623,0.5950198173522949,5.646861553192139,-0.019280951470136642,0.16841495037078857
624,0.5407127141952515,5.408346652984619,-0.031925417482852936,0.12417507916688919
625,0.5383751392364502,5.362596035003662,-0.02437851019203663,0.12310342490673065
626,0.5418274998664856,5.319360733032227,-0.02102154679596424,0.12550926208496094
627,0.5405013561248779,5.369193077087402,-0.023852385580539703,0.1254885345697403
628,0.5372125506401062,5.381617546081543,-0.025104019790887833,0.12396962195634842
629,0.5422000288963318,5.358894348144531,-0.02048705331981182,0.12670791149139404
630,0.5402076244354248,5.3921217918396,-0.026909999549388885,0.12798412144184113
631,0.5528063774108887,5.5465407371521,-0.020845623686909676,0.135777547955513
632,0.5615389943122864,6.050334453582764,-0.02371392771601677,0.15046238899230957
633,0.562748908996582,6.060646057128906,-0.03167606145143509,0.16123436391353607
634,0.5774080157279968,6.006887435913086,-0.0337611585855484,0.1758483648300171
635,0.5739645957946777,6.060710430145264,-0.03145700320601463,0.17945879697799683
636,0.5792034268379211,6.135574817657471,-0.03275931999087334,0.19208958745002747
637,0.5895466208457947,6.283914089202881,-0.037148699164390564,0.20455695688724518
638,0.5786285996437073,6.435116767883301,-0.025311309844255447,0.19190917909145355
639,0.5722954869270325,6.338431358337402,-0.035596586763858795,0.2031884789466858
640,0.5744144916534424,6.489593029022217,-0.04032512009143829,0.20918039977550507
641,0.5612983703613281,6.782642841339111,-0.02751370333135128,0.18825487792491913
642,0.5487015843391418,7.205174446105957,-0.02689187414944172,0.18296919763088226
643,0.5383128523826599,7.628268718719482,-0.03468574956059456,0.18219541013240814
644,0.5267490148544312,7.23189115524292,-0.02356906421482563,0.16016057133674622
645,0.5247156023979187,7.206516265869141,-0.024669261649250984,0.16208218038082123
646,0.5189146995544434,7.197554111480713,-0.02660699374973774,0.1616842895746231
647,0.5200359225273132,7.187380790710449,-0.022547423839569092,0.15777213871479034
648,0.5247465372085571,7.247170448303223,-0.024423617869615555,0.16284863650798798
649,0.5177546739578247,7.111559867858887,-0.03185155987739563,0.16342227160930634
650,0.5167974233627319,6.9207539558410645,-0.03381757065653801,0.1650318056344986
651,0.51969313621521,6.94248104095459,-0.030813250690698624,0.16674669086933136
652,0.5164368152618408,6.831578731536865,-0.03639572858810425,0.16659770905971527
653,0.513837993144989,6.697305679321289,-0.03335226699709892,0.16300460696220398
654,0.5184689164161682,6.7898406982421875,-0.02861938439309597,0.167504221200943
655,0.5187010169029236,6.696931838989258,-0.035751763731241226,0.17380207777023315
656,0.5161868929862976,6.546244144439697,-0.031086336821317673,0.1653686761856079
657,0.5194671154022217,6.599696636199951,-0.02681281976401806,0.1696045994758606
658,0.5213249325752258,6.53803825378418,-0.032006774097681046,0.18037104606628418
659,0.5213469862937927,6.395780086517334,-0.026620980352163315,0.17585128545761108
660,0.5249021649360657,6.2616286277771,-0.015771962702274323,0.17340444028377533
661,0.5231534838676453,6.2751665115356445,-0.026681970804929733,0.185786634683609
662,0.5210950374603271,6.324138641357422,-0.027364999055862427,0.18137912452220917
795,0.6679871082305908,3.134380578994751,-0.00930866040289402,0.09855395555496216
796,0.6659383177757263,3.254997968673706,-0.0003486393834464252,0.09046846628189087
797,0.6663573384284973,3.315840244293213,-0.0013172253966331482,0.0944099873304367
798,0.6654555797576904,3.121849298477173,-0.003968323580920696,0.09400025755167007
799,0.6629399657249451,3.191622018814087,-0.0003336229419801384,0.08581037074327469
800,0.6685036420822144,3.196805477142334,-0.0069914814084768295,0.10298620909452438
801,0.6678265929222107,3.207493543624878,0.0033737393096089363,0.09353037178516388
802,0.6627592444419861,3.194770336151123,0.003532870439812541,0.0879560336470604
803,0.671749472618103,3.180661916732788,-0.003277285723015666,0.10666736215353012
804,0.6669567823410034,3.3660144805908203,-0.0005304912338033319,0.10156428068876266
805,0.66460120677948,3.2717905044555664,0.0027633816935122013,0.09613120555877686
806,0.6740266680717468,3.235879898071289,0.006665209773927927,0.10317538678646088
807,0.6689175367355347,3.340114116668701,0.009968435391783714,0.09890949726104736
808,0.6620965600013733,3.2995970249176025,0.0071896035224199295,0.0936422273516655
809,0.6693630218505859,3.1085801124572754,0.0005762526416219771,0.10412078350782394
810,0.6697870492935181,3.117849111557007,0.0029810527339577675,0.10210007429122925
811,0.6668391227722168,3.1690146923065186,0.015692414715886116,0.0889093279838562
812,0.668528139591217,3.1263856887817383,0.007523438893258572,0.09435209631919861
813,0.6730254292488098,3.077194929122925,0.0064468891359865665,0.09967350214719772
814,0.66986083984375,3.03115177154541,0.005667060613632202,0.09712284803390503
815,0.6648224592208862,3.0336921215057373,0.002707974286749959,0.09210528433322906
816,0.6742193102836609,3.0114951133728027,0.0019371032249182463,0.10606098175048828
817,0.6668170094490051,2.931870222091675,0.0015469599748030305,0.09408875554800034
818,0.6636594533920288,2.9609413146972656,-0.0027534605469554663,0.09209337085485458
819,0.6725842356681824,3.0186736583709717,0.0006690470618195832,0.09926247596740723
820,0.671956479549408,2.9419338703155518,-0.0005888576270081103,0.09846136718988419
821,0.6660027503967285,3.0117385387420654,0.002814058680087328,0.08929327130317688
822,0.6693090796470642,3.138157367706299,-0.0013699550181627274,0.09534493833780289
823,0.6735706329345703,3.125795602798462,0.0008921035914681852,0.09711461514234543
824,0.6692466735839844,3.0529563426971436,0.005581321194767952,0.08893009275197983
825,0.6648238897323608,3.1594598293304443,-0.0041094012558460236,0.09346553683280945
826,0.6719753742218018,3.2054617404937744,-0.003963335882872343,0.09880848973989487
827,0.6679194569587708,3.0742433071136475,-0.001045595039613545,0.09162873029708862
828,0.6626565456390381,3.132910966873169,-0.009657515212893486,0.09193136543035507
829,0.6681894063949585,3.151822805404663,-0.007421066984534264,0.09270951896905899
830,0.6684041023254395,3.142178773880005,-0.0032036425545811653,0.09134315699338913
831,0.6608278751373291,3.24397873878479,-0.008943481370806694,0.08714934438467026
832,0.6646714806556702,3.155721426010132,-0.0021031249780207872,0.08181904256343842
833,0.669568657875061,3.1669743061065674,-0.0003700166707858443,0.08287931233644485
834,0.661543607711792,3.192898988723755,-0.009104443714022636,0.08149682730436325
835,0.6663747429847717,3.077389717102051,-0.00012597176828421652,0.07935387641191483
836,0.6686716675758362,2.9979147911071777,-0.00406618881970644,0.08388257771730423
837,0.6631646752357483,3.0987038612365723,-0.007190162781625986,0.08034844696521759
838,0.6638088226318359,3.0398900508880615,-0.0030650568660348654,0.07842253148555756
839,0.6677895188331604,3.0471367835998535,-0.009774547070264816,0.0880158394575119
840,0.6626603603363037,3.1463565826416016,-0.016010891646146774,0.08942437171936035
841,0.6604592800140381,3.1567931175231934,-0.014146555215120316,0.08882107585668564
842,0.6619510650634766,3.1194076538085938,-0.013688599690794945,0.08979852497577667
843,0.6643880605697632,3.086012601852417,-0.017216132953763008,0.0951966792345047
844,0.6636935472488403,3.1100826263427734,-0.01171175204217434,0.09352404624223709
845,0.6644575595855713,3.1065289974212646,-0.008970926515758038,0.09244871884584427
846,0.667154848575592,3.1183903217315674,-0.015614732168614864,0.10406369715929031
847,0.6689433455467224,3.172924757003784,-0.005043720826506615,0.1017565056681633
848,0.6636804342269897,3.1597890853881836,-0.003837971482425928,0.09506649523973465
849,0.6722142696380615,3.199369430541992,-0.008977679535746574,0.10953414440155029
850,0.6674155592918396,3.243868112564087,-0.0007172887562774122,0.09817594289779663
851,0.662905216217041,3.1743927001953125,-0.007338669616729021,0.09899235516786575
852,0.6712445020675659,3.187683343887329,2.7618407330010086e-05,0.0998154729604721
853,0.6659770011901855,3.1673126220703125,-0.0003228251007385552,0.0945276990532875
854,0.6688504219055176,3.135042905807495,0.003149309428408742,0.09530195593833923
855,0.6711968183517456,3.1412243843078613,0.0055117858573794365,0.0961463451385498
856,0.6644213795661926,3.1479296684265137,-0.007359625305980444,0.10093183815479279
894,0.6917701959609985,11.997657775878906,-0.02166389301419258,0.10411368310451508
895,0.7136793732643127,22.160804748535156,-0.027458861470222473,0.1261107623577118
896,0.7218981981277466,16.1774959564209,-0.047576479613780975,0.14810512959957123
897,0.7199739217758179,17.289731979370117,-0.062184568494558334,0.14725099503993988
898,0.7288361191749573,23.787996292114258,-0.06933827698230743,0.1561731994152069
899,0.7241412401199341,20.836227416992188,-0.08151010423898697,0.15817822515964508
900,0.7041296362876892,21.217374801635742,-0.10245800763368607,0.14918586611747742
901,0.6893693804740906,25.561094284057617,-0.1201423704624176,0.14049892127513885
902,0.6808079481124878,25.20136070251465,-0.1111711710691452,0.12031304091215134
903,0.6558180451393127,24.451881408691406,-0.13492998480796814,0.11107821762561798
904,0.6544387936592102,24.9887638092041,-0.14965446293354034,0.11535164713859558
905,0.6549173593521118,25.013309478759766,-0.13634197413921356,0.1030285656452179
906,0.6538006663322449,25.044586181640625,-0.1382097601890564,0.11024947464466095
907,0.6536731123924255,25.051149368286133,-0.1375502347946167,0.11246687173843384
908,0.6535093784332275,25.01884651184082,-0.1428023725748062,0.11264422535896301
909,0.6495780944824219,25.02504539489746,-0.13512273132801056,0.099189892411232
910,0.6510002613067627,25.031606674194336,-0.1360475718975067,0.10325153172016144
911,0.6527897119522095,25.027830123901367,-0.13971984386444092,0.10865308344364166
912,0.6503931283950806,25.002031326293945,-0.13967536389827728,0.10475832223892212
913,0.651669979095459,25.033977508544922,-0.13539595901966095,0.10037588328123093
914,0.6509769558906555,25.034507751464844,-0.13809354603290558,0.10615131258964539
915,0.6470280289649963,24.99673080444336,-0.15515941381454468,0.11705441027879715
916,0.6466023921966553,24.902393341064453,-0.1472187340259552,0.10411377251148224
917,0.6609170436859131,23.247907638549805,-0.12153936922550201,0.10829527676105499
918,0.6668131351470947,24.176713943481445,-0.1250797063112259,0.13047197461128235
919,0.7047705054283142,22.09521484375,-0.1194906160235405,0.15475036203861237
920,0.749789297580719,20.21657371520996,-0.06238227337598801,0.16554419696331024
921,0.7818356156349182,20.054845809936523,-0.0644572302699089,0.2183775156736374
922,0.8112152218818665,19.5847110748291,-0.07101276516914368,0.24690817296504974
923,0.8614568114280701,18.804847717285156,-0.05032165348529816,0.28546443581581116
924,0.8599265813827515,16.143329620361328,-0.03893967717885971,0.2830660343170166
925,0.8438838124275208,17.222856521606445,-0.04516361281275749,0.27286261320114136
926,0.8153937458992004,13.109952926635742,-0.03190917149186134,0.2337886095046997
927,0.8059642910957336,6.715341567993164,-0.01380995474755764,0.2149248868227005
928,0.7845844030380249,12.333332061767578,-0.010302414186298847,0.19456660747528076
929,0.7787530422210693,5.88343620300293,-0.0037881231401115656,0.1816307157278061
930,0.7806922793388367,5.732227802276611,0.012891995720565319,0.1760467141866684
931,0.755126953125,5.85271692276001,0.0008717465680092573,0.1704809069633484
950,0.7306455969810486,7.455287933349609,-0.009273861534893513,0.1638922095298767
951,0.7439647912979126,6.512953281402588,-0.0025886506773531437,0.16548098623752594
952,0.7342248558998108,7.201200008392334,-0.019115857779979706,0.18070438504219055
953,0.7306279540061951,8.165194511413574,-0.008978450670838356,0.18078096210956573
954,0.748422384262085,7.656937122344971,0.0023904747795313597,0.17701676487922668
955,0.7360905408859253,7.88984489440918,-0.027136780321598053,0.19464601576328278
956,0.723484218120575,9.065481185913086,-0.011824059300124645,0.18086352944374084
957,0.7254340648651123,8.856342315673828,-0.002727762795984745,0.16848108172416687
958,0.6940667033195496,8.567959785461426,-0.031420838087797165,0.16881394386291504
959,0.6654237508773804,9.423337936401367,-0.03771068528294563,0.16003555059432983
960,0.6382080316543579,9.238582611083984,-0.03181929513812065,0.12183289974927902
961,0.6184350848197937,7.912040710449219,-0.034345269203186035,0.11141593009233475
962,0.6189713478088379,7.764975547790527,-0.034934792667627335,0.12087647616863251
963,0.6188321113586426,7.725412845611572,-0.020459676161408424,0.1123942881822586
964,0.6207934617996216,7.732044696807861,-0.021995505318045616,0.11693695932626724
965,0.6168710589408875,7.681239128112793,-0.025045450776815414,0.11824510991573334
966,0.618119478225708,7.69264030456543,-0.018323950469493866,0.11918181926012039
967,0.6181022524833679,7.634762763977051,-0.020988469943404198,0.12190651148557663
968,0.613547682762146,7.504092693328857,-0.02983163483440876,0.12571285665035248
969,0.6170027256011963,7.440299034118652,-0.01967339962720871,0.12187490612268448
970,0.6193500757217407,7.429730415344238,-0.014671062119305134,0.11777114868164062
971,0.6159267425537109,7.290968894958496,-0.02345912717282772,0.1240721195936203
972,0.6204084753990173,7.265262126922607,-0.013927223160862923,0.12469948828220367
973,0.623745322227478,7.284585475921631,-0.00458776718005538,0.11999888718128204
974,0.6213420629501343,7.217647552490234,-0.00799854937940836,0.1193430945277214
975,0.6181948184967041,7.211341381072998,-0.012069163843989372,0.11917769908905029
976,0.6176384687423706,7.232473850250244,-0.01805608533322811,0.12641283869743347
977,0.623744547367096,7.206438064575195,-0.0027373877819627523,0.12195765972137451
978,0.6206233501434326,7.138915538787842,-0.0059462422505021095,0.11974941939115524
979,0.6224907040596008,7.053349018096924,-0.006474181544035673,0.11849994957447052
980,0.6268447041511536,7.15200662612915,-0.0021190447732806206,0.12223869562149048
981,0.6235229969024658,7.141769886016846,-0.0015926077030599117,0.12031793594360352
982,0.6217371225357056,6.985854148864746,-0.0075392210856080055,0.12018319964408875
983,0.6254028081893921,7.010903835296631,-0.004657251760363579,0.12477080523967743
984,0.6219255328178406,7.041999340057373,-0.007791442796587944,0.12652742862701416
985,0.6194626092910767,6.925318717956543,-0.010740179568529129,0.11763280630111694
986,0.6242481470108032,6.958631992340088,-0.011334743350744247,0.12663806974887848
987,0.6254376769065857,6.945258140563965,-0.009267392568290234,0.12949128448963165
988,0.6229438781738281,6.872530460357666,-0.008695834316313267,0.12190435826778412
989,0.6231343746185303,6.821993827819824,-0.005469973664730787,0.11921261996030807
990,0.6239860653877258,6.8117804527282715,-0.009438258595764637,0.12258250266313553
991,0.6217840313911438,6.837070465087891,-0.004254584200680256,0.11645214259624481
992,0.6239263415336609,6.745819091796875,0.0017067614244297147,0.11483016610145569
993,0.6245006322860718,6.6883978843688965,-0.00942655373364687,0.12697893381118774
994,0.6201005578041077,6.750365257263184,-0.009733779355883598,0.12305853515863419
995,0.6201339960098267,6.731937885284424,-0.005378669127821922,0.11915960907936096
996,0.6226763725280762,6.736306190490723,-0.007902652956545353,0.12488586455583572
997,0.6230684518814087,6.746903419494629,-0.0017445194534957409,0.12003627419471741
998,0.6231257319450378,6.69700813293457,0.0003788876929320395,0.11931651085615158
999,0.6211939454078674,6.739020347595215,-0.0020125056616961956,0.12197558581829071
1000,0.6192420721054077,6.815110206604004,0.0043123760260641575,0.11664249002933502
1001,0.6196504831314087,6.708036422729492,-0.0030599406454712152,0.11576393246650696
1002,0.6197547316551208,6.712596416473389,-0.026059851050376892,0.1359587013721466
1003,0.6167341470718384,9.06666088104248,-0.021954450756311417,0.1298501044511795
1004,0.6685444712638855,10.428412437438965,-0.01572851464152336,0.15705576539039612
1005,0.6852046847343445,10.164144515991211,-0.031520623713731766,0.17524737119674683
1006,0.7105421423912048,9.432038307189941,-0.019659508019685745,0.18669477105140686
1007,0.7228960394859314,10.442608833312988,-0.011680785566568375,0.1818591058254242
1008,0.7250915765762329,10.238529205322266,-0.02523292601108551,0.19029350578784943
1009,0.7380906939506531,9.119711875915527,-0.026491280645132065,0.20444731414318085
1010,0.7309924364089966,10.013020515441895,-0.006190849933773279,0.1702045202255249
1011,0.719760000705719,9.690780639648438,-0.019253654405474663,0.1637563705444336
1012,0.7221000790596008,8.018048286437988,-0.024637427181005478,0.16675224900245667
1013,0.722704291343689,9.073644638061523,-0.014191574417054653,0.15169136226177216
1014,0.7064797878265381,8.690394401550293,-0.006160107906907797,0.1269034892320633
1015,0.7044755816459656,6.656452178955078,-0.007525021210312843,0.1209612786769867
1016,0.6873242259025574,6.193600654602051,-0.016757208853960037,0.11559561640024185
1413,0.7574141621589661,13.560848236083984,-0.009366515092551708,0.17031170427799225
1414,0.7761004567146301,15.350777626037598,-0.03439885750412941,0.2043321579694748
1415,0.7850553393363953,19.05253028869629,-0.03286847099661827,0.19954335689544678
1416,0.7794340252876282,17.219818115234375,-0.03967490792274475,0.1928132027387619
1417,0.7933880686759949,20.95804214477539,-0.0682038888335228,0.22658002376556396
1418,0.801819384098053,24.43927574157715,-0.052569273859262466,0.209093376994133
1419,0.7984737157821655,23.208316802978516,-0.05158845707774162,0.19446271657943726
1420,0.7860152721405029,23.02626609802246,-0.08823683857917786,0.2099485844373703
1421,0.8001638650894165,24.84321403503418,-0.06701500713825226,0.19964031875133514
1422,0.7881091237068176,23.786375045776367,-0.06919515877962112,0.18904633820056915
1423,0.7753911018371582,21.755332946777344,-0.09329524636268616,0.20361115038394928
1424,0.7695982456207275,22.433794021606445,-0.07739754021167755,0.18793532252311707
1425,0.760613203048706,23.697961807250977,-0.08596200495958328,0.1793004721403122
1426,0.7614923715591431,24.702648162841797,-0.08486797660589218,0.18384326994419098
1427,0.7646048665046692,26.1953067779541,-0.08113750070333481,0.18971887230873108
1428,0.7509207129478455,27.6661434173584,-0.08629248291254044,0.17882634699344635
1429,0.741615891456604,26.950891494750977,-0.09765684604644775,0.18383701145648956
1430,0.7300674319267273,25.962154388427734,-0.10412006825208664,0.18232376873493195
1431,0.727872371673584,25.938352584838867,-0.09376373142004013,0.16766484081745148
1432,0.756435751914978,23.80901336669922,-0.07811626046895981,0.18870438635349274
1433,0.7535603046417236,23.68268394470215,-0.08371467143297195,0.18913516402244568
1434,0.7632806897163391,25.171077728271484,-0.08640766143798828,0.19332268834114075
1435,0.7809962630271912,24.241544723510742,-0.0721249207854271,0.1941823959350586
1436,0.798916220664978,20.530376434326172,-0.05752742290496826,0.18838302791118622
1437,0.7897602915763855,19.36550521850586,-0.07198703289031982,0.1898796707391739
1438,0.797721266746521,21.613527297973633,-0.057626739144325256,0.19078969955444336
1439,0.801310122013092,22.0533447265625,-0.0514763742685318,0.18337687849998474
1440,0.7923728823661804,22.61880874633789,-0.06408069282770157,0.18705756962299347
1441,0.7982273697853088,23.20769500732422,-0.05098427087068558,0.1864011436700821
1442,0.7894176244735718,22.52724266052246,-0.0510990284383297,0.17422115802764893
1443,0.7740227580070496,21.787948608398438,-0.07634511590003967,0.19100536406040192
1444,0.77117520570755,22.519733428955078,-0.07173851132392883,0.18476560711860657
1445,0.7651412487030029,23.53801727294922,-0.0824279934167862,0.17653363943099976
1446,0.7565416097640991,24.28213882446289,-0.08137073367834091,0.17673036456108093
1447,0.7597524523735046,25.86373519897461,-0.07716300338506699,0.17580324411392212
1448,0.757264256477356,27.500244140625,-0.07422443479299545,0.16579236090183258
1449,0.7531591653823853,27.6460018157959,-0.0803242102265358,0.1753566563129425
1450,0.7426588535308838,25.982568740844727,-0.08944135904312134,0.17785677313804626
1451,0.7257678508758545,25.92747688293457,-0.09744340926408768,0.162043496966362
1452,0.7452434301376343,25.468530654907227,-0.07674560695886612,0.16547411680221558
1453,0.7461351156234741,23.42413902282715,-0.08048869669437408,0.17214834690093994
1454,0.7538849115371704,24.998987197875977,-0.08707792311906815,0.17720133066177368
1455,0.7643702626228333,25.738983154296875,-0.08088450133800507,0.17769552767276764
1456,0.784319281578064,21.679279327392578,-0.06719458103179932,0.17382930219173431
1457,0.7851385474205017,19.68862533569336,-0.07806291431188583,0.1792801022529602
1458,0.7754403948783875,21.611915588378906,-0.08070020377635956,0.18067088723182678
1459,0.7878793478012085,22.193132400512695,-0.0731126144528389,0.177979975938797
1460,0.7907866835594177,22.618404388427734,-0.07379240542650223,0.17707471549510956
1461,0.7840279340744019,23.436294555664062,-0.07544907182455063,0.17872972786426544
1462,0.7848250865936279,22.99552345275879,-0.07169084995985031,0.17442792654037476
1463,0.7679663896560669,22.195276260375977,-0.08376757800579071,0.16841383278369904
1464,0.7673490643501282,22.79261016845703,-0.08154687285423279,0.1696311980485916
1465,0.7630267143249512,23.6821231842041,-0.07857521623373032,0.16421587765216827
1466,0.7494021654129028,24.821975708007812,-0.09833043068647385,0.16604839265346527
1467,0.74981290102005,26.36173439025879,-0.09427446871995926,0.16390615701675415
1468,0.7533994913101196,27.51039695739746,-0.092747762799263,0.16910594701766968
1469,0.7449520826339722,27.678510665893555,-0.08619153499603271,0.1553555577993393
1470,0.7369359731674194,25.913463592529297,-0.09805922210216522,0.16079744696617126
1471,0.7315070629119873,25.749006271362305,-0.0978861004114151,0.1506311446428299
1472,0.7390435934066772,26.17374610900879,-0.08324253559112549,0.15134161710739136
1473,0.7451156377792358,23.797847747802734,-0.08924691379070282,0.16110911965370178
1474,0.7458349466323853,24.64101791381836,-0.10136012732982635,0.16491876542568207
1475,0.765092134475708,26.39572525024414,-0.07417356967926025,0.16515220701694489
1476,0.775519609451294,24.249099731445312,-0.07454245537519455,0.1635618507862091
1477,0.7782691717147827,21.455970764160156,-0.0935114324092865,0.1642380803823471
1478,0.7736139893531799,23.872282028198242,-0.0894053652882576,0.17674659192562103
1479,0.8000156283378601,24.682544708251953,-0.07926306873559952,0.18992331624031067
1480,0.8134116530418396,23.614377975463867,-0.08457352221012115,0.1932641714811325
1481,0.8035904169082642,25.075666427612305,-0.08764425665140152,0.21531790494918823
1482,0.8102957010269165,25.288421630859375,-0.07402079552412033,0.21928419172763824
1483,0.8064234852790833,23.450929641723633,-0.0713454857468605,0.20477934181690216
1484,0.7771176695823669,23.88380241394043,-0.08193996548652649,0.20883698761463165
1485,0.7765508890151978,25.20827293395996,-0.0824047103524208,0.21904617547988892
1486,0.7830438017845154,25.67281150817871,-0.10457062721252441,0.2344590425491333
1487,0.7673314809799194,26.908870697021484,-0.11047681421041489,0.24288541078567505
1488,0.7402383685112,28.171939849853516,-0.10060295462608337,0.2160874754190445
1489,0.6834003925323486,28.597427368164062,-0.11451758444309235,0.1716485172510147
1490,0.6696760654449463,26.1268310546875,-0.11201309412717819,0.16422142088413239
1491,0.6644783020019531,25.854997634887695,-0.11435557901859283,0.16768741607666016
1492,0.6547792553901672,26.505062103271484,-0.12068819254636765,0.16359540820121765
1493,0.6584004163742065,24.289390563964844,-0.10592830926179886,0.1572924554347992
1494,0.6529443264007568,25.105695724487305,-0.11712533980607986,0.15984559059143066
1495,0.6651252508163452,27.35991668701172,-0.11375780403614044,0.1663641780614853
1496,0.6926222443580627,27.345544815063477,-0.08700211346149445,0.16427075862884521
1497,0.7002832293510437,26.648645401000977,-0.09851352870464325,0.1721695065498352
1498,0.6984851956367493,27.198543548583984,-0.08549637347459793,0.16655857861042023
1499,0.7049822807312012,26.936498641967773,-0.0774473026394844,0.16884982585906982
1500,0.7118179202079773,27.215681076049805,-0.09049525856971741,0.18463818728923798
1501,0.7032244801521301,27.009004592895508,-0.08126714080572128,0.17782990634441376
1502,0.705065906047821,26.88845443725586,-0.07099892199039459,0.18198509514331818
1503,0.6913816332817078,26.87784194946289,-0.0922369658946991,0.18380527198314667
1504,0.673196017742157,25.347415924072266,-0.09177223592996597,0.17178332805633545
1505,0.6744897961616516,26.224782943725586,-0.08790341764688492,0.17598141729831696
1506,0.6788408160209656,28.17586326599121,-0.10273096710443497,0.18181201815605164
1507,0.6751753091812134,27.695308685302734,-0.08956491202116013,0.17435964941978455
1508,0.6670186519622803,27.06144905090332,-0.08942358195781708,0.16463275253772736
1509,0.6568580865859985,27.432598114013672,-0.11342944204807281,0.1739678829908371
1510,0.6501745581626892,26.794675827026367,-0.10422702878713608,0.1623835563659668
1511,0.6537348031997681,25.932106018066406,-0.09097199141979218,0.15015916526317596
1512,0.6469901204109192,26.862173080444336,-0.11410005390644073,0.15546712279319763
1513,0.6553847789764404,25.957347869873047,-0.10039561241865158,0.15095052123069763
1514,0.6477993130683899,25.222063064575195,-0.09775856882333755,0.1401306390762329
1515,0.6553669571876526,27.373973846435547,-0.11393392086029053,0.15621212124824524
1516,0.6673826575279236,29.0910587310791,-0.10196337103843689,0.15480470657348633
1517,0.6745041012763977,28.02149200439453,-0.09183556586503983,0.1492205113172531
1518,0.6738753318786621,27.599496841430664,-0.10283243656158447,0.16143859922885895
1519,0.6860963702201843,28.684232711791992,-0.08435662090778351,0.1616371124982834
1520,0.6947985291481018,28.407133102416992,-0.0889585092663765,0.16767290234565735
1521,0.6951192617416382,27.20117950439453,-0.09867440909147263,0.1833309680223465
1522,0.6904829144477844,27.730737686157227,-0.09284818172454834,0.1789202243089676
1523,0.6750335097312927,27.81785011291504,-0.10655998438596725,0.17133599519729614
1524,0.6546918749809265,25.556228637695312,-0.11160925775766373,0.16438663005828857
1525,0.6381391286849976,26.777713775634766,-0.11737152934074402,0.1619318127632141
1526,0.6438472867012024,28.32190704345703,-0.12543271481990814,0.17035602033138275
1527,0.6580430865287781,27.444446563720703,-0.10443010181188583,0.16642849147319794
1528,0.6629987359046936,26.414871215820312,-0.10674366354942322,0.1753821223974228
1529,0.6502348184585571,26.71884536743164,-0.12324772775173187,0.1762884110212326
1530,0.6488034129142761,27.208358764648438,-0.12018048763275146,0.16446422040462494
1531,0.6498868465423584,25.813129425048828,-0.11192118376493454,0.15796294808387756
1532,0.6557186245918274,27.857715606689453,-0.12482602894306183,0.17283158004283905
1533,0.6558055281639099,27.622127532958984,-0.10950188338756561,0.15852923691272736
1534,0.6512497067451477,23.067508697509766,-0.08797916769981384,0.1421559751033783
1535,0.6556594371795654,23.048288345336914,-0.10332415252923965,0.1616455614566803
1536,0.6627996563911438,22.905961990356445,-0.10292238742113113,0.1653379648923874
1537,0.6437832117080688,17.245193481445312,-0.09139314293861389,0.1423809677362442
1538,0.646714448928833,15.730154037475586,-0.09080643951892853,0.14934712648391724
1539,0.6451976895332336,16.784759521484375,-0.09190808236598969,0.15253238379955292
1540,0.6376323103904724,13.72624397277832,-0.08634068816900253,0.14281803369522095
1541,0.624336838722229,13.198578834533691,-0.08281975239515305,0.13380059599876404
1542,0.6123047471046448,15.417715072631836,-0.07497983425855637,0.12210779637098312
1543,0.6015629172325134,12.831690788269043,-0.0661875531077385,0.11221598088741302
1544,0.5824459791183472,10.780680656433105,-0.07360824942588806,0.11197514832019806
1545,0.5920810699462891,10.944159507751465,-0.05393991991877556,0.10475515574216843
1546,0.5910595059394836,11.30318546295166,-0.0580536313354969,0.10790571570396423
1910,0.684185802936554,9.395310401916504,-0.015054142102599144,0.12027671933174133
1911,0.6860229969024658,9.671142578125,-0.006980803329497576,0.11591766029596329
1912,0.684023916721344,9.693750381469727,0.009493210352957249,0.10452095419168472
1913,0.6871970891952515,11.65134048461914,-0.004602798726409674,0.11699501425027847
1914,0.6901506781578064,11.971475601196289,-0.01218283548951149,0.12800069153308868
1915,0.6903188228607178,11.92668342590332,0.006417098920792341,0.11936748772859573
1916,0.6881882548332214,13.274334907531738,0.009702067822217941,0.11152023077011108
1917,0.6926508545875549,13.855703353881836,0.007997936569154263,0.12092816829681396
1918,0.6865940093994141,13.829166412353516,0.007099929731339216,0.12245198339223862
1919,0.684359610080719,14.772581100463867,0.004153101239353418,0.12161044031381607
1920,0.6851316690444946,15.469132423400879,0.009110478684306145,0.12128360569477081
1921,0.6854602694511414,15.49549674987793,0.013251288793981075,0.11703445762395859
1922,0.6862220168113708,15.442338943481445,0.017852377146482468,0.1120426207780838
1923,0.6942247152328491,15.432845115661621,0.017186760902404785,0.12224853783845901
1924,0.6899383664131165,15.459962844848633,0.016884006559848785,0.11772360652685165
1925,0.6885531544685364,15.414778709411621,0.01445984747260809,0.11687995493412018
1926,0.6924426555633545,15.389594078063965,0.015732508152723312,0.12131619453430176
1927,0.6944354772567749,15.407488822937012,0.011780554428696632,0.12756513059139252
1928,0.6883477568626404,14.994746208190918,-0.016530318185687065,0.12369899451732635
1929,0.6840822100639343,18.395883560180664,-0.017810136079788208,0.12904037535190582
1930,0.6773815155029297,25.687177658081055,-0.010534299537539482,0.1219455823302269
1931,0.6759580373764038,28.532846450805664,-0.0355113260447979,0.1343355029821396
1932,0.6788312792778015,30.630765914916992,-0.016949499025940895,0.14451563358306885
1933,0.6805258989334106,35.49808883666992,-0.004082066938281059,0.14976586401462555
1934,0.686873197555542,37.88142776489258,-0.03390702232718468,0.17304746806621552
1935,0.6804759502410889,39.122459411621094,-0.029275862500071526,0.17671550810337067
1936,0.6758542060852051,42.85079574584961,-0.006313695106655359,0.16670790314674377
1937,0.673322319984436,45.064598083496094,-0.03180258348584175,0.17731353640556335
1938,0.6520898938179016,45.858184814453125,-0.04344825819134712,0.17441566288471222
1939,0.6452800035476685,48.780433654785156,-0.012683991342782974,0.15401527285575867
1940,0.6488078832626343,50.61272048950195,-0.016951384022831917,0.16196081042289734
1941,0.6387617588043213,51.16520690917969,-0.0219714418053627,0.16809532046318054
1942,0.6373685002326965,51.44993209838867,-0.010073739103972912,0.16501113772392273
1943,0.6461517810821533,51.699127197265625,-0.0031099836342036724,0.16305141150951385
1944,0.6406317949295044,51.94792938232422,-0.013981874100863934,0.16483190655708313
1945,0.6381548047065735,52.177120208740234,-0.023368583992123604,0.16385802626609802
1946,0.6458881497383118,52.57106018066406,-0.010205867700278759,0.15458613634109497
1947,0.6426237225532532,52.95210647583008,-0.02352963387966156,0.16253863275051117
1948,0.6407356858253479,53.328739166259766,-0.026374708861112595,0.15621830523014069
1949,0.6460063457489014,53.85122299194336,-0.015107589773833752,0.14821964502334595
1950,0.6501480937004089,54.35285949707031,-0.027491580694913864,0.16452357172966003
1951,0.6470783352851868,54.87303161621094,-0.026360997930169106,0.15796980261802673
1952,0.6495718955993652,55.523319244384766,-0.024290742352604866,0.15464714169502258
1953,0.6526946425437927,55.96699905395508,-0.022440748289227486,0.15344510972499847
1954,0.6506120562553406,56.56192398071289,-0.034115348011255264,0.160688579082489
1955,0.6494143605232239,57.165443420410156,-0.03737173229455948,0.1548527479171753
1956,0.6508573889732361,57.58694076538086,-0.04598324000835419,0.15973278880119324
1957,0.653778076171875,58.11088180541992,-0.05219496786594391,0.16849616169929504
1958,0.6530630588531494,58.66645050048828,-0.04796244949102402,0.1608487069606781
1959,0.6544638276100159,58.927268981933594,-0.051219675689935684,0.16228635609149933
1960,0.6555047631263733,59.478397369384766,-0.05895721912384033,0.16973650455474854
1961,0.6557857990264893,59.9829216003418,-0.05941850692033768,0.16963797807693481
1962,0.6578851342201233,60.14845275878906,-0.0664912536740303,0.1738116294145584
1963,0.6593720316886902,60.65762710571289,-0.06302135437726974,0.16859783232212067
1964,0.6614540219306946,60.9857063293457,-0.06328161805868149,0.1689799278974533
1965,0.6556085348129272,61.22768020629883,-0.07022397220134735,0.16773445904254913
1966,0.6560225486755371,61.613929748535156,-0.0693506971001625,0.1642378270626068
1967,0.6672663688659668,61.856971740722656,-0.056558337062597275,0.1636858433485031
1968,0.6642059087753296,62.15239715576172,-0.06359097361564636,0.17094340920448303
1969,0.660301148891449,62.51922607421875,-0.07353752851486206,0.17241282761096954
1970,0.6712501645088196,62.41489028930664,-0.06022300571203232,0.16924571990966797
1971,0.6635093688964844,62.77821731567383,-0.06957848370075226,0.16742463409900665
1972,0.6578595042228699,63.2982063293457,-0.07420771569013596,0.16346141695976257
1973,0.6716461181640625,63.23680877685547,-0.06970686465501785,0.1730044037103653
1974,0.6653903126716614,63.45069885253906,-0.06764312833547592,0.16128729283809662
1975,0.6554173827171326,63.695030212402344,-0.0839509591460228,0.162689208984375
1976,0.662580668926239,63.8225212097168,-0.07965436577796936,0.16517063975334167
1977,0.663911759853363,64.06436157226562,-0.07620404660701752,0.15868932008743286
1978,0.6557760834693909,64.27393341064453,-0.09376461803913116,0.16613978147506714
1979,0.6602053642272949,64.4686279296875,-0.0882829800248146,0.1668497771024704
1980,0.6600516438484192,64.60723876953125,-0.08856521546840668,0.16281750798225403
1981,0.6555048227310181,64.55857849121094,-0.09515293687582016,0.16276340186595917
1982,0.6551353931427002,64.71183776855469,-0.09642343968153,0.16567100584506989
1983,0.6666940450668335,65.24788665771484,-0.08519360423088074,0.16636836528778076
1984,0.6603363156318665,64.97234344482422,-0.08352462202310562,0.155358225107193
1985,0.6573578715324402,65.21795654296875,-0.08540838956832886,0.15531101822853088
1986,0.664316713809967,65.23165893554688,-0.09350664913654327,0.17016980051994324
1987,0.664156973361969,65.51691436767578,-0.08857765048742294,0.16295720636844635
1988,0.6546207666397095,65.5583267211914,-0.09308118373155594,0.1591823697090149
1989,0.6676830053329468,65.74906158447266,-0.0947967916727066,0.17516332864761353
1990,0.6663389801979065,65.6500473022461,-0.09059594571590424,0.1685480773448944
1991,0.661501944065094,65.81253051757812,-0.10052993148565292,0.16567638516426086
1992,0.6966478228569031,65.7641830444336,-0.0963064506649971,0.1956220269203186
1993,0.7199568152427673,65.5478744506836,-0.10101088881492615,0.22348546981811523
1994,0.7463531494140625,66.4384994506836,-0.105691097676754,0.24508962035179138
1995,0.7679935693740845,66.80679321289062,-0.10402482748031616,0.2588154971599579
1996,0.7757105231285095,66.49269104003906,-0.1072130873799324,0.2659021317958832
1997,0.761867344379425,66.768798828125,-0.12014768272638321,0.2728590667247772
1998,0.7843537926673889,66.5113754272461,-0.145779550075531,0.2815968096256256
1999,0.8094994425773621,62.90451431274414,-0.14933352172374725,0.2895016670227051
2000,0.8077349662780762,62.52128601074219,-0.15689067542552948,0.3030127286911011
2001,0.8023242354393005,62.01408767700195,-0.192686066031456,0.2945793569087982
2002,0.811522364616394,58.3104133605957,-0.16919320821762085,0.26826658844947815
2003,0.8000518679618835,57.529747009277344,-0.14190120995044708,0.26327967643737793
2004,0.7881328463554382,56.847808837890625,-0.17488369345664978,0.2613524794578552
2005,0.7937756180763245,52.73408508300781,-0.16723376512527466,0.23129552602767944
2006,0.7808350324630737,50.73064041137695,-0.1534671187400818,0.23160840570926666
2007,0.754537045955658,49.57990264892578,-0.1814807802438736,0.23330353200435638
2008,0.7020345330238342,44.62841796875,-0.18282859027385712,0.1482217013835907
2009,0.6892917156219482,40.84310531616211,-0.1785856932401657,0.15017001330852509
2010,0.6748949289321899,39.31119918823242,-0.17591124773025513,0.14607849717140198
2011,0.6810957193374634,37.44347381591797,-0.14972025156021118,0.13131456077098846
2012,0.6776905059814453,35.45709228515625,-0.0987551137804985,0.10635295510292053
9212,0.659777820110321,5.003270626068115,-0.018949411809444427,0.09146388620138168
9213,0.6579813361167908,4.965631484985352,-0.022269951179623604,0.08804763108491898
9214,0.6650026440620422,5.04686164855957,-0.004422852769494057,0.083808034658432
9215,0.669192373752594,5.138282775878906,-0.0035893877502530813,0.08899324387311935
9216,0.6663916110992432,5.136033058166504,-0.011578709818422794,0.09155043214559555
9217,0.6672891974449158,5.0127949714660645,-0.01372002437710762,0.09322236478328705
9218,0.6670666337013245,4.881426811218262,-0.01139623299241066,0.08944574743509293
9219,0.6762529611587524,4.716373920440674,-0.015243129804730415,0.09978927671909332
9220,0.6755499243736267,4.49169397354126,-0.010692781768739223,0.09409154206514359
9221,0.6775224804878235,4.2737345695495605,-0.008482304401695728,0.09856070578098297
9222,0.68505859375,4.079399585723877,0.0015988309169188142,0.09906195849180222
9223,0.6927865743637085,3.9202423095703125,0.009963752701878548,0.09793577343225479
9224,0.6882185935974121,3.873436212539673,-0.00018695606559049338,0.1042003184556961
9225,0.68564772605896,3.9462218284606934,0.0015784947900101542,0.10201703011989594
9226,0.6921279430389404,3.944551467895508,0.014764122664928436,0.09594980627298355
9227,0.686897873878479,3.918536901473999,0.006320259068161249,0.10070587694644928
9228,0.6821247339248657,3.9859352111816406,0.0027715195901691914,0.10001782327890396
9229,0.6857981085777283,3.971780300140381,0.014771124348044395,0.09074404835700989
9230,0.6873206496238708,3.8424253463745117,0.010198484174907207,0.09826149046421051
9231,0.6742895245552063,3.9402365684509277,-0.0022500401828438044,0.09815986454486847
9232,0.6844146847724915,3.970855712890625,0.010630002245306969,0.09472206234931946
9233,0.6815474033355713,3.987119674682617,0.009061033837497234,0.09479890763759613
9234,0.6768237352371216,4.0572123527526855,0.0016557701164856553,0.09774649888277054
9235,0.6798296570777893,4.051671504974365,-0.004223375581204891,0.10352975875139236
9236,0.6810774207115173,3.982621431350708,-0.0023785550147295,0.10062964260578156
9237,0.672599732875824,3.9863648414611816,6.414675590349361e-05,0.0906265452504158
9238,0.6709026098251343,4.109752655029297,-0.011305296793580055,0.09804918617010117
9239,0.6753237843513489,4.043335437774658,-0.00155106489546597,0.08796246349811554
9240,0.6711628437042236,3.9938247203826904,-0.008246773853898048,0.09215041249990463
9241,0.6700692176818848,4.092425346374512,-0.00475570373237133,0.08841078728437424
9242,0.6723752021789551,4.015788555145264,0.0008020139066502452,0.08256608247756958
9243,0.6713157892227173,4.085089206695557,-0.013026239350438118,0.09874998778104782
9244,0.6704856753349304,4.193478107452393,-0.001176168443635106,0.09010963886976242
9245,0.6710741519927979,4.090392589569092,-0.001978966174647212,0.09009045362472534
9246,0.6708268523216248,4.13818883895874,-0.0065451799891889095,0.0935673713684082
9247,0.6675580739974976,4.22825813293457,-0.006886821240186691,0.08995170891284943
9248,0.664581298828125,4.138657093048096,0.001252022571861744,0.07921571284532547
9249,0.6729575991630554,4.2607502937316895,0.012079473584890366,0.0810130313038826
9250,0.6679120063781738,4.289057731628418,-0.00101548433303833,0.08979415893554688
9251,0.6613906621932983,4.255327224731445,0.004568840377032757,0.07944808900356293
9252,0.6719014048576355,4.354865550994873,0.015364418737590313,0.08462084084749222
9253,0.6704885363578796,4.314995765686035,0.0005914815119467676,0.09224434942007065
9254,0.6639401912689209,4.270523548126221,0.003218883415684104,0.08364680409431458
9255,0.6731295585632324,4.367734909057617,0.007103983778506517,0.09419496357440948
9256,0.6669013500213623,4.243854522705078,-0.005357133224606514,0.09342319518327713
9257,0.6647012233734131,4.276282787322998,-0.0024181290064007044,0.08524700999259949
9258,0.6686292290687561,4.423791885375977,0.005376787390559912,0.08810491114854813
9259,0.6697013974189758,4.319723129272461,0.002282370813190937,0.08951090276241302
9260,0.666460394859314,4.334771633148193,-0.00662051048129797,0.09280746430158615
9261,0.6656578183174133,4.420078754425049,0.0019563741516321898,0.09003069996833801
9262,0.6664860248565674,4.36580228805542,-0.004044955596327782,0.09303554147481918
9263,0.6698790192604065,4.298221111297607,-0.018087223172187805,0.10693627595901489
9264,0.6682524681091309,4.3238301277160645,0.003920665010809898,0.08550123870372772
9265,0.6668019890785217,4.266096115112305,-0.0058110617101192474,0.09269187599420547
9266,0.6670780181884766,4.220870494842529,-0.015541411936283112,0.10006359219551086
9267,0.6630532145500183,4.325131893157959,0.0033983837347477674,0.07768642902374268
9268,0.663896381855011,4.383444309234619,0.0032540534157305956,0.08356955647468567
9269,0.6700076460838318,4.382174015045166,-0.008964388631284237,0.10185972601175308
9270,0.6657128930091858,4.3427910804748535,0.004190781619399786,0.08462386578321457
9271,0.664567768573761,4.348827362060547,0.0027914070524275303,0.08596891164779663
9272,0.6674404144287109,4.33452844619751,-0.0023257536813616753,0.09912364929914474
9273,0.6685821413993835,4.361263751983643,0.010301121510565281,0.08493867516517639
9274,0.6647632122039795,4.360874652862549,0.005312527064234018,0.08386678993701935
9275,0.6678468585014343,4.32882022857666,-0.0007623799610882998,0.09555406868457794
9276,0.6652012467384338,4.315903186798096,0.0007562734535895288,0.08865512162446976
9277,0.6648998856544495,4.381556034088135,0.006917871069163084,0.08551912754774094
9278,0.6708014011383057,4.41592264175415,0.008932743221521378,0.09444113075733185
9279,0.6734732985496521,4.397487163543701,-0.0006827141041867435,0.10498334467411041
9280,0.6681655049324036,4.351601600646973,-0.0010728663764894009,0.09718437492847443
9281,0.6675997972488403,4.334020137786865,-0.006715701427310705,0.10373789072036743
9282,0.6727176904678345,4.345364093780518,-0.0008353259763680398,0.1028139591217041
9283,0.6718378663063049,4.345225811004639,-0.00029636159888468683,0.09908115118741989
9284,0.6668636202812195,4.329227447509766,-0.0016247319290414453,0.09745507687330246
9285,0.6693652868270874,4.322448253631592,-0.0023034189362078905,0.09957852959632874
9286,0.6702483892440796,4.314384937286377,-0.007026136852800846,0.10148054361343384
9287,0.6683257818222046,4.3128862380981445,-0.007500030100345612,0.10324788093566895
9288,0.6697004437446594,4.324910640716553,-0.0003103218914475292,0.10052322596311569
9289,0.673759937286377,4.339844226837158,0.008379364386200905,0.0930158719420433
9290,0.6671180725097656,4.3159708976745605,-0.0030704184900969267,0.096039317548275
9291,0.6670420169830322,4.269073009490967,0.005621445830911398,0.08685050159692764
9292,0.6750523447990417,4.263014793395996,0.016049057245254517,0.08459632098674774
9293,0.6688562035560608,4.261532306671143,0.004903600551187992,0.09001583606004715
9294,0.6681963205337524,4.281284332275391,0.007747533265501261,0.08466511219739914
9295,0.6751991510391235,4.261605262756348,0.010569455102086067,0.0866631418466568
9296,0.667965292930603,4.286794662475586,-0.005938553251326084,0.09691783785820007
9297,0.6655160784721375,4.305984020233154,0.0012079784646630287,0.0852883905172348
9298,0.6674802899360657,4.288290500640869,-0.0023670780938118696,0.09149555116891861
9299,0.6660104393959045,4.307140827178955,-0.007087459322065115,0.09656267613172531
9300,0.6662063598632812,4.276814937591553,-0.0023427088744938374,0.08827481418848038
9301,0.6699342131614685,4.24730920791626,-0.0035356918815523386,0.09321258217096329
9302,0.6672024726867676,4.218992710113525,-0.007407489698380232,0.09297648072242737
9303,0.6666063070297241,4.162692070007324,-0.008445719256997108,0.0914849266409874
9304,0.6651418805122375,4.2251996994018555,-0.007385080214589834,0.09023433923721313
9305,0.6704282164573669,4.257833957672119,-0.007394184824079275,0.09440004825592041
9306,0.6633148789405823,4.167608737945557,-0.014089821837842464,0.09048686921596527
9307,0.665964663028717,4.219865798950195,-0.0034183128736913204,0.08443315327167511
9308,0.674885094165802,4.214839458465576,0.0010797567665576935,0.09151524305343628
9309,0.6663739681243896,4.2022271156311035,-0.01113345567137003,0.09380403161048889
9310,0.6696094274520874,4.238841533660889,0.007673250045627356,0.08109960705041885
9311,0.6761721968650818,4.237739086151123,0.009173539467155933,0.08692356199026108
9312,0.6719967722892761,4.2536091804504395,-0.00798193272203207,0.09979792684316635
9313,0.6673166155815125,4.197566986083984,0.004010997246950865,0.08317647129297256
9314,0.6746300458908081,4.253057479858398,0.005178309511393309,0.08817576617002487
9315,0.675872802734375,4.331283092498779,-0.0004291848454158753,0.09901603311300278
11323,0.724979043006897,4.226551532745361,-0.007054147310554981,0.13101989030838013
11324,0.7194072604179382,4.183404445648193,-0.0032913985196501017,0.11683445423841476
11325,0.723402738571167,4.1436944007873535,0.004858338739722967,0.12060058861970901
11326,0.7308704257011414,4.221408843994141,0.007994988933205605,0.12320441752672195
11327,0.7234194874763489,4.351560592651367,-0.013759966008365154,0.1319335699081421
11328,0.7129367589950562,4.126040935516357,-0.005525575485080481,0.11596456915140152
11329,0.7186285257339478,4.404754161834717,-0.00026853973395191133,0.11895716935396194
11330,0.7119355797767639,4.733845233917236,-0.010210666805505753,0.12130681425333023
11331,0.6752090454101562,4.800743103027344,-0.011278213933110237,0.08858320862054825
11332,0.6631349325180054,3.3351328372955322,-0.027037572115659714,0.09438786655664444
11333,0.6662464737892151,3.037341594696045,-0.023820728063583374,0.09375599771738052
11334,0.6667783856391907,3.0124709606170654,-0.01086777076125145,0.08758118003606796
11335,0.6634679436683655,3.0297648906707764,-0.016965577378869057,0.08979801833629608
11336,0.6623824834823608,3.2198598384857178,-0.018185099586844444,0.08649467676877975
11337,0.6628134846687317,3.401991844177246,-0.010566582903265953,0.0801393911242485
11338,0.6661447286605835,3.431382656097412,-0.016415603458881378,0.08755779266357422
11339,0.6687211394309998,3.551750898361206,-0.0211707204580307,0.09095848351716995
11340,0.682054340839386,3.4962871074676514,-0.00984919536858797,0.09474566578865051
11341,0.6838880181312561,3.40544056892395,-0.021943042054772377,0.10726701468229294
11342,0.6847785711288452,3.4432592391967773,-0.018869245424866676,0.10110048949718475
11343,0.6862567663192749,3.219623327255249,-0.021612392738461494,0.10710359364748001
11344,0.6867335438728333,2.7502634525299072,-0.01634623482823372,0.10235824435949326
11345,0.6856034994125366,2.485781669616699,-0.010866088792681694,0.09724607318639755
11346,0.6938604116439819,2.251098155975342,-0.002770505379885435,0.10084040462970734
11347,0.6868383884429932,2.10605788230896,-0.009944296441972256,0.10066333413124084
11348,0.6913830041885376,2.145479202270508,-0.002880156273022294,0.0980592593550682
11349,0.6960697770118713,2.137286901473999,-0.002356160432100296,0.10831259191036224
11350,0.686073362827301,2.0235579013824463,-0.007927964441478252,0.10118912160396576
11351,0.6914083361625671,2.0275819301605225,-0.001102647976949811,0.09928123652935028
11352,0.6909038424491882,1.9825851917266846,-0.004432645160704851,0.10873719304800034
11353,0.6870286464691162,1.8689424991607666,0.00265120854601264,0.09484320878982544
11354,0.6902328729629517,1.8637036085128784,0.00887284241616726,0.08987344056367874
11355,0.6876234412193298,1.8834151029586792,0.014217897318303585,0.08864147961139679
11356,0.6846945881843567,1.8915408849716187,0.014823866076767445,0.08239375054836273
11357,0.6854291558265686,1.874794363975525,0.004064082633703947,0.09470139443874359
11358,0.6871337294578552,1.8750089406967163,0.002170422114431858,0.09954888373613358
11359,0.6824156045913696,1.8892263174057007,0.002901527564972639,0.08897088468074799
11360,0.6809667944908142,1.8788397312164307,0.005330206360667944,0.08702641725540161
11361,0.681780993938446,1.8894593715667725,-0.0014951787889003754,0.09610559791326523
11362,0.6784096360206604,1.867819905281067,-0.0015105034690350294,0.08671702444553375
11363,0.6766709089279175,1.8709596395492554,0.002462538192048669,0.08065164089202881
11364,0.6846415996551514,1.9056471586227417,0.0047628991305828094,0.09074714779853821
11505,0.6848935484886169,1.9735724925994873,-0.012301686219871044,0.10624564439058304
11506,0.6819664835929871,1.9974254369735718,-0.003441317705437541,0.10091513395309448
11507,0.6874382495880127,1.9941670894622803,0.004761828109622002,0.10172294080257416
11508,0.6872795820236206,1.9691483974456787,-0.009545641019940376,0.10843919962644577
11509,0.6830694079399109,2.0042648315429688,0.005882215220481157,0.09153954684734344
11510,0.6866975426673889,2.0227367877960205,0.005202678497880697,0.10045260190963745
11511,0.686248779296875,1.9900633096694946,-0.01160904485732317,0.11278631538152695
11512,0.6867994070053101,2.0738580226898193,0.009547744877636433,0.0952252522110939
11513,0.6910059452056885,2.09591007232666,0.012055544182658195,0.10404498875141144
11514,0.6890718340873718,2.0540719032287598,0.003474653698503971,0.1074165478348732
11515,0.6845065355300903,2.0991668701171875,0.007986755110323429,0.09882444888353348
11516,0.6939294338226318,2.1299126148223877,0.013569943606853485,0.10631459206342697
11517,0.6921219825744629,2.081465005874634,0.007333694025874138,0.1065945029258728
11518,0.6898327469825745,2.1093809604644775,0.014707393012940884,0.09362967312335968
11519,0.6921667456626892,2.135648488998413,0.016619788482785225,0.09707362949848175
11520,0.693274736404419,2.1093099117279053,0.01731107011437416,0.09679100662469864
11521,0.6909817457199097,2.098883628845215,0.022099824622273445,0.0886799544095993
11522,0.6908130049705505,2.134510040283203,0.0113411545753479,0.10077399760484695
11523,0.6919980049133301,2.158174753189087,0.010014720261096954,0.10404500365257263
11524,0.6958931088447571,2.1382062435150146,0.019304173067212105,0.09855875372886658
11525,0.6945573687553406,2.1382598876953125,0.016161615028977394,0.0982896238565445
11526,0.6951619982719421,2.2025177478790283,0.017443381249904633,0.0975351482629776
11527,0.6915868520736694,2.1999897956848145,0.010853669606149197,0.10088860243558884
11528,0.6944543719291687,2.198700189590454,0.014032487757503986,0.09798163920640945
11529,0.6924395561218262,2.2641048431396484,0.015133185312151909,0.09622155129909515
11530,0.6928155422210693,2.2489442825317383,0.004309252370148897,0.1104656383395195
11531,0.6938835382461548,2.2497429847717285,0.009486000053584576,0.10397093743085861
11532,0.6940599083900452,2.330873966217041,0.010487372055649757,0.1026492640376091
11533,0.6957852840423584,2.354841947555542,0.007828405126929283,0.11117484420537949
11534,0.696871817111969,2.326352834701538,0.005237223114818335,0.11347810924053192
11535,0.7239885926246643,2.7215826511383057,0.00453420914709568,0.13633960485458374
11536,0.7220361828804016,3.0611460208892822,0.02540292777121067,0.1278178095817566
11537,0.7261396050453186,2.8210322856903076,0.010217683389782906,0.14649242162704468
11538,0.7378236651420593,2.9347546100616455,-0.004572966136038303,0.15903779864311218
11539,0.7416132092475891,4.507164001464844,-0.002785043092444539,0.18087683618068695
11540,0.7345137000083923,5.2841386795043945,-0.008842800743877888,0.19252079725265503
11541,0.7432624697685242,4.5031046867370605,0.002427837811410427,0.17631886899471283
11542,0.7281131744384766,4.7301154136657715,-0.0017981076380237937,0.18490304052829742
11543,0.7225090265274048,5.442843914031982,0.0001576532085891813,0.2023739367723465
11544,0.7354779839515686,4.881072044372559,-0.0022424287162721157,0.20119993388652802
11545,0.7107166051864624,4.577987194061279,-0.013452275656163692,0.20024476945400238
11546,0.6937413811683655,5.5700507164001465,0.0003366477903909981,0.20022548735141754
11547,0.6732945442199707,5.2007646560668945,-0.009890444576740265,0.18500150740146637
11548,0.634388267993927,4.2236785888671875,-0.025918127968907356,0.16549071669578552
11549,0.6123841404914856,5.444072723388672,-0.013319621793925762,0.15726932883262634
11550,0.5747044086456299,5.548065662384033,-0.025664197281003,0.13370709121227264
11551,0.5410565137863159,2.481581449508667,-0.03575577586889267,0.11763918399810791
11552,0.5367251038551331,2.3363962173461914,-0.03257786110043526,0.11687064170837402
11553,0.5350256562232971,2.355973482131958,-0.026051269844174385,0.11259113252162933
11554,0.5356715321540833,2.3243467807769775,-0.02906784415245056,0.11848508566617966
11555,0.5347194075584412,2.305384874343872,-0.03782031312584877,0.12383828312158585
11556,0.5336973667144775,2.3149611949920654,-0.029443027451634407,0.11768126487731934
11557,0.5348315238952637,2.319119691848755,-0.024322811514139175,0.12237463891506195
11558,0.5354328155517578,2.2525205612182617,-0.031467538326978683,0.1299002319574356
11559,0.5324928164482117,2.227144956588745,-0.02776988223195076,0.1264336258172989
11560,0.5328288078308105,2.2398507595062256,-0.025047048926353455,0.12454550713300705
11561,0.5338598489761353,2.235262632369995,-0.033414602279663086,0.1312364935874939
11562,0.5335049629211426,2.252915859222412,-0.022720666602253914,0.1269737035036087
11563,0.5358219146728516,2.245370626449585,-0.020177775993943214,0.12372496724128723
11564,0.5366988182067871,2.236973762512207,-0.02883421629667282,0.12988576292991638
11565,0.5345109105110168,2.2684905529022217,-0.013869395479559898,0.12070195376873016
11566,0.5360305905342102,2.2579214572906494,-0.021902916952967644,0.12875983119010925
11567,0.5367525219917297,2.22723650932312,-0.023195279762148857,0.12732428312301636
11568,0.5341513156890869,2.250838041305542,-0.013411056250333786,0.12299821525812149
11569,0.5337826013565063,2.229269504547119,-0.019954273477196693,0.12482930719852448
11570,0.5350720882415771,2.257925510406494,-0.023502584546804428,0.12555284798145294
11571,0.5337830781936646,2.2670722007751465,-0.020106162875890732,0.1264386773109436
11668,0.5588687658309937,2.101210594177246,-0.015026723966002464,0.12653417885303497
11669,0.5608021020889282,2.126556634902954,-0.008247651159763336,0.12390598654747009
11670,0.5622819662094116,2.1746625900268555,-0.010971790179610252,0.12479360401630402
11671,0.5602349638938904,2.876150608062744,-0.01306982897222042,0.11899076402187347
11672,0.5881527066230774,7.775968074798584,-0.004794739186763763,0.13588440418243408
11673,0.6134927272796631,7.793624401092529,-0.009703533723950386,0.15592075884342194
11674,0.6255075335502625,6.033412456512451,-0.006419085431843996,0.1423790007829666
11675,0.647713303565979,7.629568576812744,-0.014820311218500137,0.1574949026107788
11676,0.6567825078964233,7.733457088470459,-0.011920620687305927,0.15890748798847198
11677,0.6690712571144104,6.313441753387451,-0.006978586316108704,0.14873293042182922
11678,0.6841021776199341,7.3070807456970215,-0.019002823159098625,0.1655888855457306
11679,0.6767594218254089,7.397265911102295,-0.01197828073054552,0.1486595869064331
11680,0.6764643788337708,6.23748779296875,-0.01789444498717785,0.14300845563411713
11681,0.6792622208595276,6.944126605987549,-0.020985610783100128,0.13744871318340302
11682,0.6735853552818298,7.429027557373047,-0.01267060823738575,0.12231393903493881
11683,0.6683493852615356,6.089759349822998,-0.019089166074991226,0.1201523095369339
11684,0.641557514667511,2.9894020557403564,-0.03922365978360176,0.10594579577445984
11685,0.6259692907333374,2.4586522579193115,-0.03888561949133873,0.09028499573469162
11686,0.627366840839386,2.5050597190856934,-0.03028268553316593,0.0930522158741951
11687,0.6272076964378357,2.5183615684509277,-0.027721120044589043,0.09787122905254364
11688,0.6308145523071289,2.542545795440674,-0.022057950496673584,0.0948643907904625
11689,0.6272992491722107,2.639883518218994,-0.026782354339957237,0.0979301929473877
11690,0.6303769946098328,2.7334654331207275,-0.027437346056103706,0.10732024908065796
11691,0.6313502192497253,2.7950096130371094,-0.024606268852949142,0.10307016223669052
11692,0.6310495734214783,2.866610050201416,-0.022556206211447716,0.10010778158903122
11693,0.6314108371734619,2.939955949783325,-0.03342466428875923,0.10790170729160309
11694,0.6313560605049133,3.0693020820617676,-0.027670351788401604,0.1022401675581932
11695,0.629493236541748,3.202561378479004,-0.027155762538313866,0.09774720668792725
11696,0.6286395192146301,3.315650701522827,-0.03728663548827171,0.1005595475435257
11697,0.6291822195053101,3.4596304893493652,-0.031071370467543602,0.09911198914051056
11698,0.6312363147735596,3.6187946796417236,-0.024463064968585968,0.09540365636348724
11699,0.6264702081680298,3.738068103790283,-0.031070467084646225,0.0924048125743866
11700,0.6296712160110474,3.9463815689086914,-0.030585577711462975,0.09956904500722885
11701,0.6330887079238892,3.8167059421539307,-0.01471925899386406,0.09207749366760254
11702,0.6319383382797241,3.61531400680542,-0.022549765184521675,0.09299734979867935
11703,0.6310662627220154,3.78629469871521,-0.02877202443778515,0.0998031422495842
11704,0.6350984573364258,3.7576706409454346,-0.01255694217979908,0.09536703675985336
11705,0.63240647315979,3.368269443511963,-0.013736668042838573,0.09194525331258774
11706,0.6338244080543518,3.481549024581909,-0.01849621906876564,0.10206162184476852
11707,0.6364836692810059,3.6049907207489014,-0.008772660978138447,0.10197780281305313
11708,0.6324167847633362,2.9228086471557617,-0.0072868079878389835,0.09628479182720184
11709,0.63275146484375,3.0383944511413574,-0.005762643180787563,0.09909684956073761
11710,0.6336665153503418,3.265852451324463,-0.001634868560358882,0.10190699994564056
11711,0.6283800601959229,2.1045405864715576,-0.00208408129401505,0.09535154700279236
11712,0.6269102692604065,2.1635451316833496,-3.292308247182518e-05,0.09345390647649765
11713,0.6276236176490784,2.1645443439483643,0.0008990179048851132,0.09457045048475266
11714,0.6281102895736694,2.0866386890411377,0.00123314349912107,0.09284993261098862
11715,0.6266575455665588,2.1486175060272217,0.003615022636950016,0.09105610102415085
12874,0.6697319149971008,1.8842684030532837,0.006491758860647678,0.08788558095693588
12875,0.6599221229553223,1.8898459672927856,-0.01017447654157877,0.0942041352391243
12876,0.6561158895492554,1.8614451885223389,-0.003926681820303202,0.08167549967765808
12877,0.6670518517494202,1.8807275295257568,0.008808668702840805,0.086396224796772
12878,0.6616805195808411,1.925035834312439,-0.008236042223870754,0.09866033494472504
12879,0.6613605618476868,1.9149142503738403,2.21102845898713e-06,0.08671745657920837
12880,0.6649191975593567,1.9396840333938599,0.008234265260398388,0.08174304664134979
12881,0.6596682667732239,1.9665802717208862,-0.00553843192756176,0.0925513282418251
12882,0.6597445011138916,1.9391306638717651,-0.0007205259753391147,0.0890744999051094
12883,0.6665300130844116,1.9444161653518677,-0.0006525226635858417,0.09322288632392883
12884,0.663440465927124,1.9693158864974976,0.0021614404395222664,0.08886616677045822
12885,0.6614061594009399,1.949774146080017,0.004897445905953646,0.08552529662847519
12886,0.6630339622497559,1.9507745504379272,-0.00620045093819499,0.09489048272371292
